--
-- PostgreSQL database dump
--

-- Dumped from database version 10.14
-- Dumped by pg_dump version 15.2

-- Started on 2023-06-07 14:25:45

SET statement_timeout = 0;
SET lock_timeout = 0;
SET idle_in_transaction_session_timeout = 0;
SET client_encoding = 'UTF8';
SET standard_conforming_strings = on;
SELECT pg_catalog.set_config('search_path', '', false);
SET check_function_bodies = false;
SET xmloption = content;
SET client_min_messages = warning;
SET row_security = off;

--
-- TOC entry 6 (class 2615 OID 2200)
-- Name: public; Type: SCHEMA; Schema: -; Owner: postgres
--

-- *not* creating schema, since initdb creates it


ALTER SCHEMA public OWNER TO postgres;

SET default_tablespace = '';

--
-- TOC entry 203 (class 1259 OID 17260)
-- Name: account; Type: TABLE; Schema: public; Owner: postgres
--

CREATE TABLE public.account (
    id integer NOT NULL,
    nickname character varying(20),
    name character varying(20),
    surname character varying(20),
    fathername character varying(20),
    description character varying(200),
    speciality character varying(200),
    portfolio character varying(200),
    about character varying(200),
    level character varying(200),
    completed integer,
    failed integer,
    workable integer,
    speed double precision,
    rate double precision,
    projects character varying(200)
);


ALTER TABLE public.account OWNER TO postgres;

--
-- TOC entry 204 (class 1259 OID 17268)
-- Name: account_data; Type: TABLE; Schema: public; Owner: postgres
--

CREATE TABLE public.account_data (
    account_id integer NOT NULL,
    username character varying(20),
    password character varying,
    phone character varying(20),
    email character varying(20),
    created_at timestamp without time zone
);


ALTER TABLE public.account_data OWNER TO postgres;

--
-- TOC entry 202 (class 1259 OID 17258)
-- Name: account_id_seq; Type: SEQUENCE; Schema: public; Owner: postgres
--

ALTER TABLE public.account ALTER COLUMN id ADD GENERATED BY DEFAULT AS IDENTITY (
    SEQUENCE NAME public.account_id_seq
    START WITH 1
    INCREMENT BY 1
    NO MINVALUE
    NO MAXVALUE
    CACHE 1
);


--
-- TOC entry 212 (class 1259 OID 17362)
-- Name: depart; Type: TABLE; Schema: public; Owner: postgres
--

CREATE TABLE public.depart (
    id integer NOT NULL,
    name character varying(50),
    description character varying(200),
    product character varying(100),
    project_id integer
);


ALTER TABLE public.depart OWNER TO postgres;

--
-- TOC entry 211 (class 1259 OID 17360)
-- Name: depart_id_seq; Type: SEQUENCE; Schema: public; Owner: postgres
--

ALTER TABLE public.depart ALTER COLUMN id ADD GENERATED BY DEFAULT AS IDENTITY (
    SEQUENCE NAME public.depart_id_seq
    START WITH 1
    INCREMENT BY 1
    NO MINVALUE
    NO MAXVALUE
    CACHE 1
);


--
-- TOC entry 218 (class 1259 OID 17398)
-- Name: indicator; Type: TABLE; Schema: public; Owner: postgres
--

CREATE TABLE public.indicator (
    id integer NOT NULL,
    name character varying(50),
    description character varying(200),
    sign character varying(20),
    formulae character varying(200)
);


ALTER TABLE public.indicator OWNER TO postgres;

--
-- TOC entry 226 (class 1259 OID 17508)
-- Name: indicator_depart; Type: TABLE; Schema: public; Owner: postgres
--

CREATE TABLE public.indicator_depart (
    id integer NOT NULL,
    indicator_id integer,
    depart_id integer
);


ALTER TABLE public.indicator_depart OWNER TO postgres;

--
-- TOC entry 225 (class 1259 OID 17506)
-- Name: indicator_depart_id_seq; Type: SEQUENCE; Schema: public; Owner: postgres
--

ALTER TABLE public.indicator_depart ALTER COLUMN id ADD GENERATED BY DEFAULT AS IDENTITY (
    SEQUENCE NAME public.indicator_depart_id_seq
    START WITH 1
    INCREMENT BY 1
    NO MINVALUE
    NO MAXVALUE
    CACHE 1
);


--
-- TOC entry 217 (class 1259 OID 17396)
-- Name: indicator_id_seq; Type: SEQUENCE; Schema: public; Owner: postgres
--

ALTER TABLE public.indicator ALTER COLUMN id ADD GENERATED BY DEFAULT AS IDENTITY (
    SEQUENCE NAME public.indicator_id_seq
    START WITH 1
    INCREMENT BY 1
    NO MINVALUE
    NO MAXVALUE
    CACHE 1
);


--
-- TOC entry 234 (class 1259 OID 17576)
-- Name: indicator_metric; Type: TABLE; Schema: public; Owner: postgres
--

CREATE TABLE public.indicator_metric (
    id integer NOT NULL,
    metric_id integer,
    indicator_id integer
);


ALTER TABLE public.indicator_metric OWNER TO postgres;

--
-- TOC entry 233 (class 1259 OID 17574)
-- Name: indicator_metric_id_seq; Type: SEQUENCE; Schema: public; Owner: postgres
--

ALTER TABLE public.indicator_metric ALTER COLUMN id ADD GENERATED BY DEFAULT AS IDENTITY (
    SEQUENCE NAME public.indicator_metric_id_seq
    START WITH 1
    INCREMENT BY 1
    NO MINVALUE
    NO MAXVALUE
    CACHE 1
);


--
-- TOC entry 220 (class 1259 OID 17405)
-- Name: indicator_pool; Type: TABLE; Schema: public; Owner: postgres
--

CREATE TABLE public.indicator_pool (
    id integer NOT NULL,
    indicator_first_id integer,
    indicator_second_id integer
);


ALTER TABLE public.indicator_pool OWNER TO postgres;

--
-- TOC entry 219 (class 1259 OID 17403)
-- Name: indicator_pool_id_seq; Type: SEQUENCE; Schema: public; Owner: postgres
--

ALTER TABLE public.indicator_pool ALTER COLUMN id ADD GENERATED BY DEFAULT AS IDENTITY (
    SEQUENCE NAME public.indicator_pool_id_seq
    START WITH 1
    INCREMENT BY 1
    NO MINVALUE
    NO MAXVALUE
    CACHE 1
);


--
-- TOC entry 222 (class 1259 OID 17423)
-- Name: indicator_project; Type: TABLE; Schema: public; Owner: postgres
--

CREATE TABLE public.indicator_project (
    id integer NOT NULL,
    indicator_id integer,
    project_id integer
);


ALTER TABLE public.indicator_project OWNER TO postgres;

--
-- TOC entry 221 (class 1259 OID 17421)
-- Name: indicator_project_id_seq; Type: SEQUENCE; Schema: public; Owner: postgres
--

ALTER TABLE public.indicator_project ALTER COLUMN id ADD GENERATED BY DEFAULT AS IDENTITY (
    SEQUENCE NAME public.indicator_project_id_seq
    START WITH 1
    INCREMENT BY 1
    NO MINVALUE
    NO MAXVALUE
    CACHE 1
);


--
-- TOC entry 224 (class 1259 OID 17491)
-- Name: indicator_team; Type: TABLE; Schema: public; Owner: postgres
--

CREATE TABLE public.indicator_team (
    id integer NOT NULL,
    indicator_id integer,
    team_id integer
);


ALTER TABLE public.indicator_team OWNER TO postgres;

--
-- TOC entry 223 (class 1259 OID 17489)
-- Name: indicator_team_id_seq; Type: SEQUENCE; Schema: public; Owner: postgres
--

ALTER TABLE public.indicator_team ALTER COLUMN id ADD GENERATED BY DEFAULT AS IDENTITY (
    SEQUENCE NAME public.indicator_team_id_seq
    START WITH 1
    INCREMENT BY 1
    NO MINVALUE
    NO MAXVALUE
    CACHE 1
);


--
-- TOC entry 208 (class 1259 OID 17341)
-- Name: methodology; Type: TABLE; Schema: public; Owner: postgres
--

CREATE TABLE public.methodology (
    id integer NOT NULL,
    name character varying(50),
    thesis character varying(50),
    description character varying(200)
);


ALTER TABLE public.methodology OWNER TO postgres;

--
-- TOC entry 207 (class 1259 OID 17339)
-- Name: methodology_id_seq; Type: SEQUENCE; Schema: public; Owner: postgres
--

ALTER TABLE public.methodology ALTER COLUMN id ADD GENERATED BY DEFAULT AS IDENTITY (
    SEQUENCE NAME public.methodology_id_seq
    START WITH 1
    INCREMENT BY 1
    NO MINVALUE
    NO MAXVALUE
    CACHE 1
);


--
-- TOC entry 216 (class 1259 OID 17391)
-- Name: metric; Type: TABLE; Schema: public; Owner: postgres
--

CREATE TABLE public.metric (
    id integer NOT NULL,
    name character varying(50),
    description character varying(200),
    sign character varying(20),
    formulae character varying(200)
);


ALTER TABLE public.metric OWNER TO postgres;

--
-- TOC entry 228 (class 1259 OID 17525)
-- Name: metric_depart; Type: TABLE; Schema: public; Owner: postgres
--

CREATE TABLE public.metric_depart (
    id integer NOT NULL,
    metric_id integer,
    depart_id integer
);


ALTER TABLE public.metric_depart OWNER TO postgres;

--
-- TOC entry 227 (class 1259 OID 17523)
-- Name: metric_depart_id_seq; Type: SEQUENCE; Schema: public; Owner: postgres
--

ALTER TABLE public.metric_depart ALTER COLUMN id ADD GENERATED BY DEFAULT AS IDENTITY (
    SEQUENCE NAME public.metric_depart_id_seq
    START WITH 1
    INCREMENT BY 1
    NO MINVALUE
    NO MAXVALUE
    CACHE 1
);


--
-- TOC entry 215 (class 1259 OID 17389)
-- Name: metric_id_seq; Type: SEQUENCE; Schema: public; Owner: postgres
--

ALTER TABLE public.metric ALTER COLUMN id ADD GENERATED BY DEFAULT AS IDENTITY (
    SEQUENCE NAME public.metric_id_seq
    START WITH 1
    INCREMENT BY 1
    NO MINVALUE
    NO MAXVALUE
    CACHE 1
);


--
-- TOC entry 230 (class 1259 OID 17542)
-- Name: metric_project; Type: TABLE; Schema: public; Owner: postgres
--

CREATE TABLE public.metric_project (
    id integer NOT NULL,
    metric_id integer,
    project_id integer
);


ALTER TABLE public.metric_project OWNER TO postgres;

--
-- TOC entry 229 (class 1259 OID 17540)
-- Name: metric_project_id_seq; Type: SEQUENCE; Schema: public; Owner: postgres
--

ALTER TABLE public.metric_project ALTER COLUMN id ADD GENERATED BY DEFAULT AS IDENTITY (
    SEQUENCE NAME public.metric_project_id_seq
    START WITH 1
    INCREMENT BY 1
    NO MINVALUE
    NO MAXVALUE
    CACHE 1
);


--
-- TOC entry 232 (class 1259 OID 17559)
-- Name: metric_team; Type: TABLE; Schema: public; Owner: postgres
--

CREATE TABLE public.metric_team (
    id integer NOT NULL,
    metric_id integer,
    team_id integer
);


ALTER TABLE public.metric_team OWNER TO postgres;

--
-- TOC entry 231 (class 1259 OID 17557)
-- Name: metric_team_id_seq; Type: SEQUENCE; Schema: public; Owner: postgres
--

ALTER TABLE public.metric_team ALTER COLUMN id ADD GENERATED BY DEFAULT AS IDENTITY (
    SEQUENCE NAME public.metric_team_id_seq
    START WITH 1
    INCREMENT BY 1
    NO MINVALUE
    NO MAXVALUE
    CACHE 1
);


--
-- TOC entry 250 (class 1259 OID 17724)
-- Name: permission; Type: TABLE; Schema: public; Owner: postgres
--

CREATE TABLE public.permission (
    id integer NOT NULL,
    zone_id integer,
    resource_id integer,
    permit character varying
);


ALTER TABLE public.permission OWNER TO postgres;

--
-- TOC entry 249 (class 1259 OID 17722)
-- Name: permission_id_seq; Type: SEQUENCE; Schema: public; Owner: postgres
--

ALTER TABLE public.permission ALTER COLUMN id ADD GENERATED BY DEFAULT AS IDENTITY (
    SEQUENCE NAME public.permission_id_seq
    START WITH 1
    INCREMENT BY 1
    NO MINVALUE
    NO MAXVALUE
    CACHE 1
);


--
-- TOC entry 238 (class 1259 OID 17600)
-- Name: plan; Type: TABLE; Schema: public; Owner: postgres
--

CREATE TABLE public.plan (
    id integer NOT NULL,
    name character varying(50),
    aim character varying(200),
    type_id integer,
    project_id integer,
    depart_id integer,
    team_id integer
);


ALTER TABLE public.plan OWNER TO postgres;

--
-- TOC entry 240 (class 1259 OID 17627)
-- Name: plan_content; Type: TABLE; Schema: public; Owner: postgres
--

CREATE TABLE public.plan_content (
    id integer NOT NULL,
    name character varying(50),
    description character varying(200),
    aim character varying(200),
    "position" integer,
    plan_id integer
);


ALTER TABLE public.plan_content OWNER TO postgres;

--
-- TOC entry 239 (class 1259 OID 17625)
-- Name: plan_content_id_seq; Type: SEQUENCE; Schema: public; Owner: postgres
--

ALTER TABLE public.plan_content ALTER COLUMN id ADD GENERATED BY DEFAULT AS IDENTITY (
    SEQUENCE NAME public.plan_content_id_seq
    START WITH 1
    INCREMENT BY 1
    NO MINVALUE
    NO MAXVALUE
    CACHE 1
);


--
-- TOC entry 237 (class 1259 OID 17598)
-- Name: plan_id_seq; Type: SEQUENCE; Schema: public; Owner: postgres
--

ALTER TABLE public.plan ALTER COLUMN id ADD GENERATED BY DEFAULT AS IDENTITY (
    SEQUENCE NAME public.plan_id_seq
    START WITH 1
    INCREMENT BY 1
    NO MINVALUE
    NO MAXVALUE
    CACHE 1
);


--
-- TOC entry 236 (class 1259 OID 17593)
-- Name: plan_type; Type: TABLE; Schema: public; Owner: postgres
--

CREATE TABLE public.plan_type (
    id integer NOT NULL,
    name character varying(50),
    description character varying(200)
);


ALTER TABLE public.plan_type OWNER TO postgres;

--
-- TOC entry 235 (class 1259 OID 17591)
-- Name: plan_type_id_seq; Type: SEQUENCE; Schema: public; Owner: postgres
--

ALTER TABLE public.plan_type ALTER COLUMN id ADD GENERATED BY DEFAULT AS IDENTITY (
    SEQUENCE NAME public.plan_type_id_seq
    START WITH 1
    INCREMENT BY 1
    NO MINVALUE
    NO MAXVALUE
    CACHE 1
);


--
-- TOC entry 210 (class 1259 OID 17350)
-- Name: project; Type: TABLE; Schema: public; Owner: postgres
--

CREATE TABLE public.project (
    id integer NOT NULL,
    name character varying(50),
    prefix character varying(5),
    specialization character varying(50),
    deadline date,
    hard_deadline date,
    mission character varying(100),
    product character varying(100),
    methodology_id integer,
    created_at timestamp without time zone
);


ALTER TABLE public.project OWNER TO postgres;

--
-- TOC entry 209 (class 1259 OID 17348)
-- Name: project_id_seq; Type: SEQUENCE; Schema: public; Owner: postgres
--

ALTER TABLE public.project ALTER COLUMN id ADD GENERATED BY DEFAULT AS IDENTITY (
    SEQUENCE NAME public.project_id_seq
    START WITH 1
    INCREMENT BY 1
    NO MINVALUE
    NO MAXVALUE
    CACHE 1
);


--
-- TOC entry 248 (class 1259 OID 17717)
-- Name: resource; Type: TABLE; Schema: public; Owner: postgres
--

CREATE TABLE public.resource (
    id integer NOT NULL,
    name character varying(50)
);


ALTER TABLE public.resource OWNER TO postgres;

--
-- TOC entry 247 (class 1259 OID 17715)
-- Name: resource_id_seq; Type: SEQUENCE; Schema: public; Owner: postgres
--

ALTER TABLE public.resource ALTER COLUMN id ADD GENERATED BY DEFAULT AS IDENTITY (
    SEQUENCE NAME public.resource_id_seq
    START WITH 1
    INCREMENT BY 1
    NO MINVALUE
    NO MAXVALUE
    CACHE 1
);


--
-- TOC entry 242 (class 1259 OID 17639)
-- Name: role; Type: TABLE; Schema: public; Owner: postgres
--

CREATE TABLE public.role (
    id integer NOT NULL,
    name character varying(50),
    description character varying(200),
    color character varying,
    project_id integer,
    team_id integer,
    depart_id integer,
    zone_id integer
);


ALTER TABLE public.role OWNER TO postgres;

--
-- TOC entry 244 (class 1259 OID 17664)
-- Name: role_account; Type: TABLE; Schema: public; Owner: postgres
--

CREATE TABLE public.role_account (
    id integer NOT NULL,
    role_id integer,
    account_id integer,
    created_at timestamp without time zone DEFAULT now()
);


ALTER TABLE public.role_account OWNER TO postgres;

--
-- TOC entry 243 (class 1259 OID 17662)
-- Name: role_account_id_seq; Type: SEQUENCE; Schema: public; Owner: postgres
--

ALTER TABLE public.role_account ALTER COLUMN id ADD GENERATED BY DEFAULT AS IDENTITY (
    SEQUENCE NAME public.role_account_id_seq
    START WITH 1
    INCREMENT BY 1
    NO MINVALUE
    NO MAXVALUE
    CACHE 1
);


--
-- TOC entry 241 (class 1259 OID 17637)
-- Name: role_id_seq; Type: SEQUENCE; Schema: public; Owner: postgres
--

ALTER TABLE public.role ALTER COLUMN id ADD GENERATED BY DEFAULT AS IDENTITY (
    SEQUENCE NAME public.role_id_seq
    START WITH 1
    INCREMENT BY 1
    NO MINVALUE
    NO MAXVALUE
    CACHE 1
);


--
-- TOC entry 206 (class 1259 OID 17280)
-- Name: task; Type: TABLE; Schema: public; Owner: postgres
--

CREATE TABLE public.task (
    id integer NOT NULL,
    name character varying(50),
    code character varying(20),
    description character varying(200),
    priority integer,
    created_at timestamp without time zone,
    delegated_at timestamp without time zone,
    completed_at timestamp without time zone,
    category_id integer,
    status_id integer,
    type_id integer,
    account_id integer,
    team_id integer
);


ALTER TABLE public.task OWNER TO postgres;

--
-- TOC entry 197 (class 1259 OID 17239)
-- Name: task_category; Type: TABLE; Schema: public; Owner: postgres
--

CREATE TABLE public.task_category (
    id integer NOT NULL,
    name character varying(50)
);


ALTER TABLE public.task_category OWNER TO postgres;

--
-- TOC entry 196 (class 1259 OID 17237)
-- Name: task_category_id_seq; Type: SEQUENCE; Schema: public; Owner: postgres
--

ALTER TABLE public.task_category ALTER COLUMN id ADD GENERATED BY DEFAULT AS IDENTITY (
    SEQUENCE NAME public.task_category_id_seq
    START WITH 1
    INCREMENT BY 1
    NO MINVALUE
    NO MAXVALUE
    CACHE 1
);


--
-- TOC entry 205 (class 1259 OID 17278)
-- Name: task_id_seq; Type: SEQUENCE; Schema: public; Owner: postgres
--

ALTER TABLE public.task ALTER COLUMN id ADD GENERATED BY DEFAULT AS IDENTITY (
    SEQUENCE NAME public.task_id_seq
    START WITH 1
    INCREMENT BY 1
    NO MINVALUE
    NO MAXVALUE
    CACHE 1
);


--
-- TOC entry 201 (class 1259 OID 17253)
-- Name: task_status; Type: TABLE; Schema: public; Owner: postgres
--

CREATE TABLE public.task_status (
    id integer NOT NULL,
    name character varying(50)
);


ALTER TABLE public.task_status OWNER TO postgres;

--
-- TOC entry 200 (class 1259 OID 17251)
-- Name: task_status_id_seq; Type: SEQUENCE; Schema: public; Owner: postgres
--

ALTER TABLE public.task_status ALTER COLUMN id ADD GENERATED BY DEFAULT AS IDENTITY (
    SEQUENCE NAME public.task_status_id_seq
    START WITH 1
    INCREMENT BY 1
    NO MINVALUE
    NO MAXVALUE
    CACHE 1
);


--
-- TOC entry 199 (class 1259 OID 17246)
-- Name: task_type; Type: TABLE; Schema: public; Owner: postgres
--

CREATE TABLE public.task_type (
    id integer NOT NULL,
    name character varying(50)
);


ALTER TABLE public.task_type OWNER TO postgres;

--
-- TOC entry 198 (class 1259 OID 17244)
-- Name: task_type_id_seq; Type: SEQUENCE; Schema: public; Owner: postgres
--

ALTER TABLE public.task_type ALTER COLUMN id ADD GENERATED BY DEFAULT AS IDENTITY (
    SEQUENCE NAME public.task_type_id_seq
    START WITH 1
    INCREMENT BY 1
    NO MINVALUE
    NO MAXVALUE
    CACHE 1
);


--
-- TOC entry 214 (class 1259 OID 17374)
-- Name: team; Type: TABLE; Schema: public; Owner: postgres
--

CREATE TABLE public.team (
    id integer NOT NULL,
    name character varying(50),
    description character varying(200),
    product character varying(100),
    depart_id integer
);


ALTER TABLE public.team OWNER TO postgres;

--
-- TOC entry 213 (class 1259 OID 17372)
-- Name: team_id_seq; Type: SEQUENCE; Schema: public; Owner: postgres
--

ALTER TABLE public.team ALTER COLUMN id ADD GENERATED BY DEFAULT AS IDENTITY (
    SEQUENCE NAME public.team_id_seq
    START WITH 1
    INCREMENT BY 1
    NO MINVALUE
    NO MAXVALUE
    CACHE 1
);


--
-- TOC entry 246 (class 1259 OID 17700)
-- Name: zone; Type: TABLE; Schema: public; Owner: postgres
--

CREATE TABLE public.zone (
    id integer NOT NULL,
    name character varying(50),
    description character varying(200),
    project_id integer
);


ALTER TABLE public.zone OWNER TO postgres;

--
-- TOC entry 245 (class 1259 OID 17698)
-- Name: zone_id_seq; Type: SEQUENCE; Schema: public; Owner: postgres
--

ALTER TABLE public.zone ALTER COLUMN id ADD GENERATED BY DEFAULT AS IDENTITY (
    SEQUENCE NAME public.zone_id_seq
    START WITH 1
    INCREMENT BY 1
    NO MINVALUE
    NO MAXVALUE
    CACHE 1
);


--
-- TOC entry 3058 (class 0 OID 17260)
-- Dependencies: 203
-- Data for Name: account; Type: TABLE DATA; Schema: public; Owner: postgres
--

COPY public.account (id, nickname, name, surname, fathername, description, speciality, portfolio, about, level, completed, failed, workable, speed, rate, projects) FROM stdin;
55	Kozak	Всеволод	Козак	Викторович	Активность, коммуникабельность	DevOps, запустим проект быстро и эффективно	\N	Занимаюсь проектами средней сложности	DevOps Middle	1	1	0	3.1800000000000002	0.5	\N
56	Lantuh	Виктор	Лантух	Викторович	\N	\N	\N	\N	\N	1	0	1	15.73	1	\N
43	Valera	victor	sdfsa	sdfsa	Alabama	Alabama	Alabama	Alabama	Alabama	1	1	1	0.062391944444444444	0.5	\N
57	Ivan	Александр	Иваницкий	Сергеевич	\N	Программист	\N	Java разработчик	Специальный	0	0	0	0	0	\N
45	Admin	Admin	Admin	Admin	Admin	Admin	Admin	Admin	Admin	0	0	0	0	0	\N
50	Ramzan	Рамзан	Козакин	Вахтангович	\N	\N	\N	\N	\N	0	0	0	0	0	\N
53	Imira	Имира	Багрова	Дмитриевна	\N	\N	\N	\N	\N	0	0	0	0	0	\N
51	Bukin	Евгений	Букин	Евгеньевич	Настойчивый, усидчивый	Занимаюсь 3Д моделированием больше 5 лет	Работал с командой SwordArt	\N	Специалист среднего звена	2	1	3	2102.0100000000002	0.67000000000000004	\N
54	Petr	Пётр	Петров	Петрович	\N	\N	\N	\N	\N	2	0	-2	1.5141479166666667	1	\N
47	Ugledar	Вячеслав	Уголовников	Всеволодович	\N	\N	\N	\N	\N	1	1	0	4.7599999999999998	0.5	\N
48	Burmos	Андрей	Бурлюс	Александрович	\N	Programmer	\N	Программирую на Kotlin	5 лет стажа	4	3	2	0.46000000000000002	0.56999999999999995	\N
49	Pevluch	Григорий	Павлюков	Викторович	\N	\N	\N	\N	\N	1	0	1	0.0071466666666666666	1	\N
52	Bertha	Берта	Ольстер	Ивановна	Креативность	Разработчик на Java	\N	Занимаюсь работой над проектами малой сложности	Middle	2	1	1	5090.5500000000002	0.67000000000000004	\N
\.


--
-- TOC entry 3059 (class 0 OID 17268)
-- Dependencies: 204
-- Data for Name: account_data; Type: TABLE DATA; Schema: public; Owner: postgres
--

COPY public.account_data (account_id, username, password, phone, email, created_at) FROM stdin;
43	Valera228	$2a$10$YKsowdIkpViqr2TDp7U4OOzUONBb3Obo4fJUw5IVmddGwcKkQTJVu	89183384567	sdf@mail.ru	2023-05-21 23:44:14.348
45	Admin	$2a$10$h5OBwjq19jtFm8zZ1RbIzu3bg2zREh4gmhNRv5mIkH6Ym.ihwT7xG	00000000000	Admin@mail.ru	2023-06-01 17:27:53.504
47	Ugledar	$2a$10$JUuZDlMrKA37taZdzzXuGOoR46uABI0nrkGLOdqIDS117jDb2oiyK	89183231342	ugol@mail.ru	2023-06-01 23:30:59.718
48	Burmos	$2a$10$d.4mVAPdrIPl.ZoxxRQSeuHLPvZT17Yl68Bsgvr3xVbXLeFbkpQWe	89183231343	burmos@yandex.ru	2023-06-01 23:32:07.213
49	Pevluch	$2a$10$tk/ADJllqibLZNH3E2a5c.kUR/Wj2966jaxM1mqCDsfjOJGO8wXWy	89183231341	pevluch@yandex.ru	2023-06-01 23:32:56.559
50	Ramzan	$2a$10$QGHUpHKVWrV.Ht/CsJd4B.FQzM1MrrJkKj2apwMDv5iskxCotDu/a	89184231341	ramzan@yandex.ru	2023-06-01 23:34:16.121
51	Bukin	$2a$10$b3g2G/fGd6f2s/jnsAF2eeI7OrKgav0fSxaijwogY3eNzF.kRt.2O	89184531341	bukin@yandex.ru	2023-06-01 23:35:32.024
52	Bertha	$2a$10$IuS7MTwCr7/wps6MrfgHGesKK9Qgq8RUSiYE9.iouY/m7KKzeAljm	89184534541	bertha@yandex.ru	2023-06-01 23:36:46.037
53	Imira	$2a$10$Hd5X0TQM3ot.stX9sw2w2ek8dK1Tb/5Kh54jMWNWhGz/kox9Nt532	89173634541	imira@yandex.ru	2023-06-01 23:40:25.086
54	Petr	$2a$10$.D5duBI6BHF11lSwRLUiUehVvgUEYiARrilDe6z9KIG907w3UT1dW	89523635441	petrov@yandex.ru	2023-06-01 23:44:37.853
55	Kozak	$2a$10$8Q8TmZ./2ApRmRwh5di8tei3CmsH0jzo5i0E44rqVxsB0b4aaWAnG	88987877898	kozak@mail.ru	2023-06-03 06:36:05.441
56	Lantuh	$2a$10$mvPJ2WYccm9xXFnL6tHSXOzYoBGQsPS287iJO6fZ7SXSwXRdlsukm	89388767678	lantuh@mail.ru	2023-06-03 06:37:48.234
57	Ivan	$2a$10$WbQNrKoROQBWU6jCSfQDoudilcw4oUoitOndsAqnRLp205vQOLkN.	89189301326	ivanit@mail.ru	2023-06-03 09:25:26.782
\.


--
-- TOC entry 3067 (class 0 OID 17362)
-- Dependencies: 212
-- Data for Name: depart; Type: TABLE DATA; Schema: public; Owner: postgres
--

COPY public.depart (id, name, description, product, project_id) FROM stdin;
3	Alfa	Alfa	Alfa	8
4	Third	Third Main Depart	DD	8
5	3д отдел	Занимается разработкой 3д объектов	3д объекты	7
6	Отдел разработки	Занимается разработкой ключевого ПО	ПО	7
7	Отдел продвижения	Занимается реализацией продукции	Реализация	7
8	Отдел качества ПО	Занимается качеством продукта	Повышение качества	7
\.


--
-- TOC entry 3073 (class 0 OID 17398)
-- Dependencies: 218
-- Data for Name: indicator; Type: TABLE DATA; Schema: public; Owner: postgres
--

COPY public.indicator (id, name, description, sign, formulae) FROM stdin;
\.


--
-- TOC entry 3081 (class 0 OID 17508)
-- Dependencies: 226
-- Data for Name: indicator_depart; Type: TABLE DATA; Schema: public; Owner: postgres
--

COPY public.indicator_depart (id, indicator_id, depart_id) FROM stdin;
\.


--
-- TOC entry 3089 (class 0 OID 17576)
-- Dependencies: 234
-- Data for Name: indicator_metric; Type: TABLE DATA; Schema: public; Owner: postgres
--

COPY public.indicator_metric (id, metric_id, indicator_id) FROM stdin;
\.


--
-- TOC entry 3075 (class 0 OID 17405)
-- Dependencies: 220
-- Data for Name: indicator_pool; Type: TABLE DATA; Schema: public; Owner: postgres
--

COPY public.indicator_pool (id, indicator_first_id, indicator_second_id) FROM stdin;
\.


--
-- TOC entry 3077 (class 0 OID 17423)
-- Dependencies: 222
-- Data for Name: indicator_project; Type: TABLE DATA; Schema: public; Owner: postgres
--

COPY public.indicator_project (id, indicator_id, project_id) FROM stdin;
\.


--
-- TOC entry 3079 (class 0 OID 17491)
-- Dependencies: 224
-- Data for Name: indicator_team; Type: TABLE DATA; Schema: public; Owner: postgres
--

COPY public.indicator_team (id, indicator_id, team_id) FROM stdin;
\.


--
-- TOC entry 3063 (class 0 OID 17341)
-- Dependencies: 208
-- Data for Name: methodology; Type: TABLE DATA; Schema: public; Owner: postgres
--

COPY public.methodology (id, name, thesis, description) FROM stdin;
1	Agile	Манифест Agile	Классическая схема
2	ENOTe	Принципы ENOTe	Ускоренная простая разработка для малых проектов
\.


--
-- TOC entry 3071 (class 0 OID 17391)
-- Dependencies: 216
-- Data for Name: metric; Type: TABLE DATA; Schema: public; Owner: postgres
--

COPY public.metric (id, name, description, sign, formulae) FROM stdin;
\.


--
-- TOC entry 3083 (class 0 OID 17525)
-- Dependencies: 228
-- Data for Name: metric_depart; Type: TABLE DATA; Schema: public; Owner: postgres
--

COPY public.metric_depart (id, metric_id, depart_id) FROM stdin;
\.


--
-- TOC entry 3085 (class 0 OID 17542)
-- Dependencies: 230
-- Data for Name: metric_project; Type: TABLE DATA; Schema: public; Owner: postgres
--

COPY public.metric_project (id, metric_id, project_id) FROM stdin;
\.


--
-- TOC entry 3087 (class 0 OID 17559)
-- Dependencies: 232
-- Data for Name: metric_team; Type: TABLE DATA; Schema: public; Owner: postgres
--

COPY public.metric_team (id, metric_id, team_id) FROM stdin;
\.


--
-- TOC entry 3105 (class 0 OID 17724)
-- Dependencies: 250
-- Data for Name: permission; Type: TABLE DATA; Schema: public; Owner: postgres
--

COPY public.permission (id, zone_id, resource_id, permit) FROM stdin;
\.


--
-- TOC entry 3093 (class 0 OID 17600)
-- Dependencies: 238
-- Data for Name: plan; Type: TABLE DATA; Schema: public; Owner: postgres
--

COPY public.plan (id, name, aim, type_id, project_id, depart_id, team_id) FROM stdin;
5	Ас	Ас	\N	8	\N	\N
8	GRn	GRa	1	8	\N	\N
4	Первый	Достигнуть победы	2	8	\N	\N
9	Основной	Завершить проект	2	8	\N	\N
11	Генеральный план	Обзор основных этапов	2	7	\N	\N
12	План по тестированию	Провести отладку	1	7	\N	\N
13	Epic	Текущие к выполнению задачи	2	\N	5	\N
\.


--
-- TOC entry 3095 (class 0 OID 17627)
-- Dependencies: 240
-- Data for Name: plan_content; Type: TABLE DATA; Schema: public; Owner: postgres
--

COPY public.plan_content (id, name, description, aim, "position", plan_id) FROM stdin;
10	sv	vz	vz	2	8
9	FS	sfsd	FS	3	8
7	svvs	vzzzsdss	vzzd	1	8
6	FStudio	sfdd	FSg	6	4
11	Первый шаг	Первый шаг	Первый шаг	1	9
12	Последний шаг	Последний шаг	Последний шаг	2	9
8	Fs	Alexandre	FS	1	5
15	Создать движок	Создание движка для функционирования игры	Рабочий движок	1	11
16	Протестировать платформу	Отладка платформы	Отладка платформы	2	11
17	Проработать структуру	Проработка структуры мира	Схема переходов	3	11
18	Провести симуляцию	Исследовательская симуляция	Данные симуляции	4	11
19	Разместить платформу	Необходимо для окончательного развёртывания	Развёртывание	5	11
20	Составить кейсы	Спецификация тестирования	Тест-кейсы	1	12
21	Автоматизировать тестирование	Код для автоматизированного тестирования	Код автоматизации	2	12
22	Провести тестирование	Оценка качества разработанного ПО	Результаты тестирования	0	12
23	Отобрать рефлексы	Отобрать рефлексы	Набор рефлексов	1	13
24	Реализовать память	Инфраструктурное решение	Эффективное хранилище памяти	2	13
25	Разместить платформу	Необходимо для окончательного развёртывания	Развёртывание	3	13
\.


--
-- TOC entry 3091 (class 0 OID 17593)
-- Dependencies: 236
-- Data for Name: plan_type; Type: TABLE DATA; Schema: public; Owner: postgres
--

COPY public.plan_type (id, name, description) FROM stdin;
1	Список	Базовый список
2	Бэклог	Полный список активных
\.


--
-- TOC entry 3065 (class 0 OID 17350)
-- Dependencies: 210
-- Data for Name: project; Type: TABLE DATA; Schema: public; Owner: postgres
--

COPY public.project (id, name, prefix, specialization, deadline, hard_deadline, mission, product, methodology_id, created_at) FROM stdin;
3	Test	TS	Test	2023-06-01	2023-06-01	Test	Test	\N	2023-06-01 17:44:37.66
6	Proj	PR	PRO	2023-06-01	2023-06-01	PRO	PRO	\N	2023-06-01 22:46:32.499
7	Игровая платформа РОБЛОКС	РО	Разработка игр	2023-06-01	2023-07-15	Создание удобной интерактивной игровой платформы	Игровая платформа	1	2023-06-01 23:52:06.347
8	Симулятор эволюции	СЭВ	Исследования	2023-06-02	2023-08-17	Уникальная исследовательская платформа	Эволюционный движок	1	2023-06-02 00:01:39.09
9	Test3	TS	Test3	2023-06-02	2023-06-02	Test3	Test3	1	2023-06-02 07:48:42.347
\.


--
-- TOC entry 3103 (class 0 OID 17717)
-- Dependencies: 248
-- Data for Name: resource; Type: TABLE DATA; Schema: public; Owner: postgres
--

COPY public.resource (id, name) FROM stdin;
\.


--
-- TOC entry 3097 (class 0 OID 17639)
-- Dependencies: 242
-- Data for Name: role; Type: TABLE DATA; Schema: public; Owner: postgres
--

COPY public.role (id, name, description, color, project_id, team_id, depart_id, zone_id) FROM stdin;
0	USER	System	\N	\N	\N	\N	\N
24	USER	Базовая роль пользователя	#45455D	3	\N	\N	\N
25	MODERATOR	Базовая роль модератора	#45455D	3	\N	\N	\N
26	ADMIN	Базовая роль администратора	#45455D	3	\N	\N	\N
33	USER	Базовая роль пользователя	#45455D	6	\N	\N	\N
34	MODERATOR	Базовая роль модератора	#45455D	6	\N	\N	\N
35	ADMIN	Базовая роль администратора	#45455D	6	\N	\N	\N
36	USER	Базовая роль пользователя	#45455D	7	\N	\N	\N
37	MODERATOR	Базовая роль модератора	#45455D	7	\N	\N	\N
38	ADMIN	Базовая роль администратора	#45455D	7	\N	\N	\N
39	USER	Базовая роль пользователя	#45455D	8	\N	\N	\N
40	MODERATOR	Базовая роль модератора	#45455D	8	\N	\N	\N
41	ADMIN	Базовая роль администратора	#45455D	8	\N	\N	\N
42	USER	Базовая роль пользователя	#45455D	9	\N	\N	\N
43	MODERATOR	Базовая роль модератора	#45455D	9	\N	\N	\N
44	ADMIN	Базовая роль администратора	#45455D	9	\N	\N	\N
48	USER	Базовая роль пользователя	#45455D	\N	\N	3	\N
49	MODERATOR	Базовая роль модератора	#45455D	\N	\N	3	\N
50	ADMIN	Базовая роль администратора	#45455D	\N	\N	3	\N
54	USER	Базовая роль пользователя	#45455D	\N	3	\N	\N
55	MODERATOR	Базовая роль модератора	#45455D	\N	3	\N	\N
56	ADMIN	Базовая роль администратора	#45455D	\N	3	\N	\N
57	USER	Базовая роль пользователя	#45455D	\N	\N	4	\N
58	MODERATOR	Базовая роль модератора	#45455D	\N	\N	4	\N
59	ADMIN	Базовая роль администратора	#45455D	\N	\N	4	\N
60	USER	Базовая роль пользователя	#45455D	\N	\N	5	\N
61	MODERATOR	Базовая роль модератора	#45455D	\N	\N	5	\N
62	ADMIN	Базовая роль администратора	#45455D	\N	\N	5	\N
63	USER	Базовая роль пользователя	#45455D	\N	\N	6	\N
64	MODERATOR	Базовая роль модератора	#45455D	\N	\N	6	\N
65	ADMIN	Базовая роль администратора	#45455D	\N	\N	6	\N
66	USER	Базовая роль пользователя	#45455D	\N	\N	7	\N
67	MODERATOR	Базовая роль модератора	#45455D	\N	\N	7	\N
68	ADMIN	Базовая роль администратора	#45455D	\N	\N	7	\N
69	USER	Базовая роль пользователя	#45455D	\N	\N	8	\N
70	MODERATOR	Базовая роль модератора	#45455D	\N	\N	8	\N
71	ADMIN	Базовая роль администратора	#45455D	\N	\N	8	\N
72	USER	Базовая роль пользователя	#45455D	\N	4	\N	\N
73	MODERATOR	Базовая роль модератора	#45455D	\N	4	\N	\N
74	ADMIN	Базовая роль администратора	#45455D	\N	4	\N	\N
75	USER	Базовая роль пользователя	#45455D	\N	5	\N	\N
76	MODERATOR	Базовая роль модератора	#45455D	\N	5	\N	\N
77	ADMIN	Базовая роль администратора	#45455D	\N	5	\N	\N
78	USER	Базовая роль пользователя	#45455D	\N	6	\N	\N
79	MODERATOR	Базовая роль модератора	#45455D	\N	6	\N	\N
80	ADMIN	Базовая роль администратора	#45455D	\N	6	\N	\N
81	USER	Базовая роль пользователя	#45455D	\N	7	\N	\N
82	MODERATOR	Базовая роль модератора	#45455D	\N	7	\N	\N
83	ADMIN	Базовая роль администратора	#45455D	\N	7	\N	\N
84	USER	Базовая роль пользователя	#45455D	\N	8	\N	\N
85	MODERATOR	Базовая роль модератора	#45455D	\N	8	\N	\N
86	ADMIN	Базовая роль администратора	#45455D	\N	8	\N	\N
87	USER	Базовая роль пользователя	#45455D	\N	9	\N	\N
88	MODERATOR	Базовая роль модератора	#45455D	\N	9	\N	\N
89	ADMIN	Базовая роль администратора	#45455D	\N	9	\N	\N
90	USER	Базовая роль пользователя	#45455D	\N	10	\N	\N
91	MODERATOR	Базовая роль модератора	#45455D	\N	10	\N	\N
92	ADMIN	Базовая роль администратора	#45455D	\N	10	\N	\N
\.


--
-- TOC entry 3099 (class 0 OID 17664)
-- Dependencies: 244
-- Data for Name: role_account; Type: TABLE DATA; Schema: public; Owner: postgres
--

COPY public.role_account (id, role_id, account_id, created_at) FROM stdin;
17	0	43	2023-05-30 16:33:10.835584
196	0	55	2023-06-03 07:00:38.078571
197	36	55	2023-06-03 07:00:38.078571
198	37	55	2023-06-03 07:00:38.078571
199	66	55	2023-06-03 07:00:38.078571
200	67	55	2023-06-03 07:00:38.078571
201	84	55	2023-06-03 07:00:38.078571
202	85	55	2023-06-03 07:00:38.078571
43	0	50	2023-06-01 23:34:16.293463
46	0	53	2023-06-01 23:40:25.283388
48	0	47	2023-06-01 23:52:06.819758
49	36	47	2023-06-01 23:52:06.819758
50	37	47	2023-06-01 23:52:06.819758
51	38	47	2023-06-01 23:52:06.819758
58	35	45	2023-06-02 07:48:42.427997
59	34	45	2023-06-02 07:48:42.427997
60	33	45	2023-06-02 07:48:42.427997
61	0	45	2023-06-02 07:48:42.427997
62	42	45	2023-06-02 07:48:42.427997
63	43	45	2023-06-02 07:48:42.427997
64	44	45	2023-06-02 07:48:42.427997
217	0	56	2023-06-03 07:07:18.839456
218	36	56	2023-06-03 07:07:18.839456
219	37	56	2023-06-03 07:07:18.839456
220	69	56	2023-06-03 07:07:18.839456
88	39	48	2023-06-02 20:22:39.556174
89	40	48	2023-06-02 20:22:39.556174
90	41	48	2023-06-02 20:22:39.556174
91	0	48	2023-06-02 20:22:39.556174
92	50	48	2023-06-02 20:22:39.556174
93	40	48	2023-06-02 20:22:39.556174
221	70	56	2023-06-03 07:07:18.839456
222	71	56	2023-06-03 07:07:18.839456
223	0	57	2023-06-03 09:25:28.76031
234	0	51	2023-06-03 09:34:34.887458
235	36	51	2023-06-03 09:34:34.887458
236	37	51	2023-06-03 09:34:34.887458
237	60	51	2023-06-03 09:34:34.887458
238	61	51	2023-06-03 09:34:34.887458
169	0	52	2023-06-03 06:53:58.517836
170	36	52	2023-06-03 06:53:58.517836
171	37	52	2023-06-03 06:53:58.517836
172	63	52	2023-06-03 06:53:58.517836
173	64	52	2023-06-03 06:53:58.517836
174	75	52	2023-06-03 06:53:58.517836
175	76	52	2023-06-03 06:53:58.517836
239	62	51	2023-06-03 09:34:34.887458
240	72	51	2023-06-03 09:34:34.887458
241	73	51	2023-06-03 09:34:34.887458
242	74	51	2023-06-03 09:34:34.887458
243	76	51	2023-06-03 09:34:34.887458
244	63	51	2023-06-03 09:34:34.887458
245	0	54	2023-06-04 22:59:04.901365
246	39	54	2023-06-04 22:59:04.901365
247	40	54	2023-06-04 22:59:04.901365
248	49	54	2023-06-04 22:59:04.901365
249	55	54	2023-06-04 22:59:04.901365
250	57	54	2023-06-04 22:59:04.901365
251	48	54	2023-06-04 22:59:04.901365
252	0	49	2023-06-04 23:31:38.199032
253	39	49	2023-06-04 23:31:38.199032
254	54	49	2023-06-04 23:31:38.199032
\.


--
-- TOC entry 3061 (class 0 OID 17280)
-- Dependencies: 206
-- Data for Name: task; Type: TABLE DATA; Schema: public; Owner: postgres
--

COPY public.task (id, name, code, description, priority, created_at, delegated_at, completed_at, category_id, status_id, type_id, account_id, team_id) FROM stdin;
34	Печать корпуса ПК3	К14	Необходимо произвести печать корпуса ПК3 (Тест корпус)	0	2023-06-03 02:11:31.596	\N	\N	3	4	5	\N	8
29	UV модели кактуса	К3	Необходимо произвести UV-развертку модели кактуса 	0	2023-06-03 02:06:43.054	2023-06-03 06:45:22.785	\N	1	1	2	51	4
31	Материалы модели кактуса	К5	Необходимо разработать материалы модели кактуса	0	2023-06-03 02:07:50.497	2023-06-03 06:46:31.838	\N	1	1	2	51	4
22	Исправить триггер	П2	Исправить ошибки функционирования триггера	0	2023-06-03 02:01:34.492	2023-06-03 06:55:14.873	\N	3	1	1	52	5
20	Закончить ревью	Р1	Окончательно провести ревью	0	2023-06-03 01:59:56.027	2023-06-03 07:07:41.325	2023-06-03 07:08:37.943	5	2	4	56	5
18	Лоуполи модель кактуса	К1	Необходимо разработать лоуполи модель кактуса	0	2023-06-03 01:58:12.071	2023-06-03 06:47:59.743	2023-06-03 06:48:14.854	1	2	2	51	4
35	Привязать анимации к персонажу	К17	Необходимо привязать анимации к персонажу 16	0	2023-06-03 02:20:13.833	2023-06-03 06:48:10.214	2023-06-03 06:48:17.697	4	3	2	51	9
10	sdf	sf	sdf	0	2023-06-02 09:52:13.563	\N	2023-06-02 10:39:16.081	1	3	2	48	3
24	Сменить платформу	П4	Изменить платформу в соответсвии с новыми требованиями	0	2023-06-03 02:02:54.745	2023-06-03 06:55:08.825	2023-06-03 06:55:45.445	3	2	1	52	5
11	sdf	s	sd	0	2023-06-02 09:54:58.881	2023-06-02 07:45:30.438936	2023-06-02 10:46:35.958	3	2	2	54	3
13	Hasif	HS	SS	0	2023-06-02 10:54:18.266	2023-06-02 10:54:20.416	2023-06-02 10:54:56.761	3	2	2	54	3
30	Запечка модели кактуса	К4	Необходимо произвести запечку карт модели кактуса 	0	2023-06-03 02:07:10.667	2023-06-03 06:49:20.277	\N	1	1	2	51	4
12	Bur	BR	ss	0	2023-06-02 10:58:19.479	2023-06-02 10:58:22.035	2023-06-02 10:58:35.608	5	2	1	48	3
14	tsk	tsk	ad	0	2023-06-02 11:01:50.134	2023-06-02 11:01:52.832	2023-06-02 11:01:56.459	2	3	1	48	3
28	Хайполи модель кактуса	К2	Необходимо разработать хайполи модель кактуса 	0	2023-06-03 02:05:50.653	2023-06-03 06:49:14.923	2023-06-03 06:49:29.422	2	2	2	51	4
23	Расширить класс	П3	Добавить новую возможность в класс	0	2023-06-03 02:02:07.986	2023-06-03 06:55:11.905	2023-06-03 06:55:51.886	3	2	1	52	5
6	TestTask	T1	TestTaskDesc	0	2023-06-02 09:18:23.923	2023-06-02 12:00:11.222	2023-06-02 12:00:16.992	\N	2	\N	48	3
19	Доработать сериализацию	С1	Исправить ошибки при сериализации	0	2023-06-03 01:59:10.969	2023-06-03 06:55:21.536	2023-06-03 06:55:54.308	3	3	1	52	5
15	Разработка модели	М1	Провести разработку 3Д модели	0	2023-06-03 00:14:24.439	2023-06-03 00:14:40.033	2023-06-03 00:15:05.761	1	2	2	49	3
16	Разработка кода	Р1	Разработка кода	0	2023-06-03 00:58:51.541	2023-06-03 00:58:54.176	2023-06-03 00:59:00.008	3	2	1	48	3
17	Новая	Н1	Разработать код	0	2023-06-03 01:04:46.981	2023-06-03 01:04:49.499	2023-06-03 01:04:56.074	3	2	1	48	3
26	Изменить размер окна	Д1	Уменьшить размер окна итогов	0	2023-06-03 02:04:02.647	\N	\N	3	4	1	\N	6
33	Создать анимации мимики	К18	Создать анимацию мимики персонажа 16	0	2023-06-03 02:09:52.479	\N	\N	2	4	1	\N	6
21	Добавить флаг	П1	Вынести во флаг условие buzz	0	2023-06-03 02:00:40.446	2023-06-03 09:33:00.727	2023-06-03 09:33:17.866	3	2	1	47	5
36	Проверить реколоры персонажа	К20	Проверить дополнительные материалы в других цветовых палитрах на персонажа 16	0	2023-06-03 02:21:22.771	2023-06-03 07:01:28.498	2023-06-03 07:01:31.741	5	3	4	55	8
27	Внести данные	В1	Добавить данные об остатках	0	2023-06-03 02:04:50.204	2023-06-03 07:01:22.429	2023-06-03 07:01:33.861	3	2	5	55	8
25	Протестировать функционал	Т1	Провести модульное тестирование	0	2023-06-03 02:03:22.264	2023-06-03 07:08:08.33	\N	4	1	3	56	9
32	Лоуполи модель ПК2	К7	Необходимо разработать лоуполи модель ПК2 	0	2023-06-03 02:08:21.032	2023-06-03 09:33:10.849	2023-06-03 09:33:20.145	2	3	2	47	4
7	Task2	T2	T2	0	2023-06-02 09:19:30.138	2023-06-04 18:45:53.696	\N	5	1	2	48	3
9	asd	11	asd	0	2023-06-02 09:38:42.69	2023-06-04 18:46:04.782	\N	2	1	2	49	3
38	Модель 2д	М1	Разработка модели 2д	0	2023-06-04 22:52:45.139	\N	\N	1	4	2	\N	3
\.


--
-- TOC entry 3052 (class 0 OID 17239)
-- Dependencies: 197
-- Data for Name: task_category; Type: TABLE DATA; Schema: public; Owner: postgres
--

COPY public.task_category (id, name) FROM stdin;
1	Моделирование
2	Концепт-арт
3	Разработка
4	Тестирование
5	Ревьюирование
\.


--
-- TOC entry 3056 (class 0 OID 17253)
-- Dependencies: 201
-- Data for Name: task_status; Type: TABLE DATA; Schema: public; Owner: postgres
--

COPY public.task_status (id, name) FROM stdin;
1	В работе
2	Выполнена
3	Провалена
4	Не назначена
5	Ожидает проверки
\.


--
-- TOC entry 3054 (class 0 OID 17246)
-- Dependencies: 199
-- Data for Name: task_type; Type: TABLE DATA; Schema: public; Owner: postgres
--

COPY public.task_type (id, name) FROM stdin;
1	Код
2	3д модель
3	Тест-кейс
4	Ревью
5	Отчёт
\.


--
-- TOC entry 3069 (class 0 OID 17374)
-- Dependencies: 214
-- Data for Name: team; Type: TABLE DATA; Schema: public; Owner: postgres
--

COPY public.team (id, name, description, product, depart_id) FROM stdin;
3	Arcona	Arcona dev team	Arcona	3
4	3д	Занимается 3D моделями	SwordArtOnline	5
5	Бэкенд	Занимается логикой и сервером	SwordArtOnline	6
6	Фронтенд	Занимается интерфейсом	SwordArtOnline	6
8	Проект-менеджеры	Организовывают работу команды	SwordArtOnline	7
9	Тестировщики	Повышают качество ПО	SwordArtOnline	8
7	Коммьюнити-менеджеры	Работает с коммьюнити	SwordArtOnline	7
10	Команда	Новая команда	Продукт	6
\.


--
-- TOC entry 3101 (class 0 OID 17700)
-- Dependencies: 246
-- Data for Name: zone; Type: TABLE DATA; Schema: public; Owner: postgres
--

COPY public.zone (id, name, description, project_id) FROM stdin;
\.


--
-- TOC entry 3112 (class 0 OID 0)
-- Dependencies: 202
-- Name: account_id_seq; Type: SEQUENCE SET; Schema: public; Owner: postgres
--

SELECT pg_catalog.setval('public.account_id_seq', 57, true);


--
-- TOC entry 3113 (class 0 OID 0)
-- Dependencies: 211
-- Name: depart_id_seq; Type: SEQUENCE SET; Schema: public; Owner: postgres
--

SELECT pg_catalog.setval('public.depart_id_seq', 8, true);


--
-- TOC entry 3114 (class 0 OID 0)
-- Dependencies: 225
-- Name: indicator_depart_id_seq; Type: SEQUENCE SET; Schema: public; Owner: postgres
--

SELECT pg_catalog.setval('public.indicator_depart_id_seq', 1, false);


--
-- TOC entry 3115 (class 0 OID 0)
-- Dependencies: 217
-- Name: indicator_id_seq; Type: SEQUENCE SET; Schema: public; Owner: postgres
--

SELECT pg_catalog.setval('public.indicator_id_seq', 1, false);


--
-- TOC entry 3116 (class 0 OID 0)
-- Dependencies: 233
-- Name: indicator_metric_id_seq; Type: SEQUENCE SET; Schema: public; Owner: postgres
--

SELECT pg_catalog.setval('public.indicator_metric_id_seq', 1, false);


--
-- TOC entry 3117 (class 0 OID 0)
-- Dependencies: 219
-- Name: indicator_pool_id_seq; Type: SEQUENCE SET; Schema: public; Owner: postgres
--

SELECT pg_catalog.setval('public.indicator_pool_id_seq', 1, false);


--
-- TOC entry 3118 (class 0 OID 0)
-- Dependencies: 221
-- Name: indicator_project_id_seq; Type: SEQUENCE SET; Schema: public; Owner: postgres
--

SELECT pg_catalog.setval('public.indicator_project_id_seq', 1, false);


--
-- TOC entry 3119 (class 0 OID 0)
-- Dependencies: 223
-- Name: indicator_team_id_seq; Type: SEQUENCE SET; Schema: public; Owner: postgres
--

SELECT pg_catalog.setval('public.indicator_team_id_seq', 1, false);


--
-- TOC entry 3120 (class 0 OID 0)
-- Dependencies: 207
-- Name: methodology_id_seq; Type: SEQUENCE SET; Schema: public; Owner: postgres
--

SELECT pg_catalog.setval('public.methodology_id_seq', 2, true);


--
-- TOC entry 3121 (class 0 OID 0)
-- Dependencies: 227
-- Name: metric_depart_id_seq; Type: SEQUENCE SET; Schema: public; Owner: postgres
--

SELECT pg_catalog.setval('public.metric_depart_id_seq', 1, false);


--
-- TOC entry 3122 (class 0 OID 0)
-- Dependencies: 215
-- Name: metric_id_seq; Type: SEQUENCE SET; Schema: public; Owner: postgres
--

SELECT pg_catalog.setval('public.metric_id_seq', 1, false);


--
-- TOC entry 3123 (class 0 OID 0)
-- Dependencies: 229
-- Name: metric_project_id_seq; Type: SEQUENCE SET; Schema: public; Owner: postgres
--

SELECT pg_catalog.setval('public.metric_project_id_seq', 1, false);


--
-- TOC entry 3124 (class 0 OID 0)
-- Dependencies: 231
-- Name: metric_team_id_seq; Type: SEQUENCE SET; Schema: public; Owner: postgres
--

SELECT pg_catalog.setval('public.metric_team_id_seq', 1, false);


--
-- TOC entry 3125 (class 0 OID 0)
-- Dependencies: 249
-- Name: permission_id_seq; Type: SEQUENCE SET; Schema: public; Owner: postgres
--

SELECT pg_catalog.setval('public.permission_id_seq', 1, false);


--
-- TOC entry 3126 (class 0 OID 0)
-- Dependencies: 239
-- Name: plan_content_id_seq; Type: SEQUENCE SET; Schema: public; Owner: postgres
--

SELECT pg_catalog.setval('public.plan_content_id_seq', 25, true);


--
-- TOC entry 3127 (class 0 OID 0)
-- Dependencies: 237
-- Name: plan_id_seq; Type: SEQUENCE SET; Schema: public; Owner: postgres
--

SELECT pg_catalog.setval('public.plan_id_seq', 13, true);


--
-- TOC entry 3128 (class 0 OID 0)
-- Dependencies: 235
-- Name: plan_type_id_seq; Type: SEQUENCE SET; Schema: public; Owner: postgres
--

SELECT pg_catalog.setval('public.plan_type_id_seq', 2, true);


--
-- TOC entry 3129 (class 0 OID 0)
-- Dependencies: 209
-- Name: project_id_seq; Type: SEQUENCE SET; Schema: public; Owner: postgres
--

SELECT pg_catalog.setval('public.project_id_seq', 9, true);


--
-- TOC entry 3130 (class 0 OID 0)
-- Dependencies: 247
-- Name: resource_id_seq; Type: SEQUENCE SET; Schema: public; Owner: postgres
--

SELECT pg_catalog.setval('public.resource_id_seq', 1, false);


--
-- TOC entry 3131 (class 0 OID 0)
-- Dependencies: 243
-- Name: role_account_id_seq; Type: SEQUENCE SET; Schema: public; Owner: postgres
--

SELECT pg_catalog.setval('public.role_account_id_seq', 254, true);


--
-- TOC entry 3132 (class 0 OID 0)
-- Dependencies: 241
-- Name: role_id_seq; Type: SEQUENCE SET; Schema: public; Owner: postgres
--

SELECT pg_catalog.setval('public.role_id_seq', 92, true);


--
-- TOC entry 3133 (class 0 OID 0)
-- Dependencies: 196
-- Name: task_category_id_seq; Type: SEQUENCE SET; Schema: public; Owner: postgres
--

SELECT pg_catalog.setval('public.task_category_id_seq', 5, true);


--
-- TOC entry 3134 (class 0 OID 0)
-- Dependencies: 205
-- Name: task_id_seq; Type: SEQUENCE SET; Schema: public; Owner: postgres
--

SELECT pg_catalog.setval('public.task_id_seq', 38, true);


--
-- TOC entry 3135 (class 0 OID 0)
-- Dependencies: 200
-- Name: task_status_id_seq; Type: SEQUENCE SET; Schema: public; Owner: postgres
--

SELECT pg_catalog.setval('public.task_status_id_seq', 5, true);


--
-- TOC entry 3136 (class 0 OID 0)
-- Dependencies: 198
-- Name: task_type_id_seq; Type: SEQUENCE SET; Schema: public; Owner: postgres
--

SELECT pg_catalog.setval('public.task_type_id_seq', 5, true);


--
-- TOC entry 3137 (class 0 OID 0)
-- Dependencies: 213
-- Name: team_id_seq; Type: SEQUENCE SET; Schema: public; Owner: postgres
--

SELECT pg_catalog.setval('public.team_id_seq', 10, true);


--
-- TOC entry 3138 (class 0 OID 0)
-- Dependencies: 245
-- Name: zone_id_seq; Type: SEQUENCE SET; Schema: public; Owner: postgres
--

SELECT pg_catalog.setval('public.zone_id_seq', 1, false);


--
-- TOC entry 2844 (class 2606 OID 17272)
-- Name: account_data account_data_pkey; Type: CONSTRAINT; Schema: public; Owner: postgres
--

ALTER TABLE ONLY public.account_data
    ADD CONSTRAINT account_data_pkey PRIMARY KEY (account_id);


--
-- TOC entry 2842 (class 2606 OID 17267)
-- Name: account account_pkey; Type: CONSTRAINT; Schema: public; Owner: postgres
--

ALTER TABLE ONLY public.account
    ADD CONSTRAINT account_pkey PRIMARY KEY (id);


--
-- TOC entry 2852 (class 2606 OID 17366)
-- Name: depart depart_pkey; Type: CONSTRAINT; Schema: public; Owner: postgres
--

ALTER TABLE ONLY public.depart
    ADD CONSTRAINT depart_pkey PRIMARY KEY (id);


--
-- TOC entry 2866 (class 2606 OID 17512)
-- Name: indicator_depart indicator_depart_pkey; Type: CONSTRAINT; Schema: public; Owner: postgres
--

ALTER TABLE ONLY public.indicator_depart
    ADD CONSTRAINT indicator_depart_pkey PRIMARY KEY (id);


--
-- TOC entry 2874 (class 2606 OID 17580)
-- Name: indicator_metric indicator_metric_pkey; Type: CONSTRAINT; Schema: public; Owner: postgres
--

ALTER TABLE ONLY public.indicator_metric
    ADD CONSTRAINT indicator_metric_pkey PRIMARY KEY (id);


--
-- TOC entry 2858 (class 2606 OID 17402)
-- Name: indicator indicator_pkey; Type: CONSTRAINT; Schema: public; Owner: postgres
--

ALTER TABLE ONLY public.indicator
    ADD CONSTRAINT indicator_pkey PRIMARY KEY (id);


--
-- TOC entry 2860 (class 2606 OID 17409)
-- Name: indicator_pool indicator_pool_pkey; Type: CONSTRAINT; Schema: public; Owner: postgres
--

ALTER TABLE ONLY public.indicator_pool
    ADD CONSTRAINT indicator_pool_pkey PRIMARY KEY (id);


--
-- TOC entry 2862 (class 2606 OID 17427)
-- Name: indicator_project indicator_project_pkey; Type: CONSTRAINT; Schema: public; Owner: postgres
--

ALTER TABLE ONLY public.indicator_project
    ADD CONSTRAINT indicator_project_pkey PRIMARY KEY (id);


--
-- TOC entry 2864 (class 2606 OID 17495)
-- Name: indicator_team indicator_team_pkey; Type: CONSTRAINT; Schema: public; Owner: postgres
--

ALTER TABLE ONLY public.indicator_team
    ADD CONSTRAINT indicator_team_pkey PRIMARY KEY (id);


--
-- TOC entry 2848 (class 2606 OID 17345)
-- Name: methodology methodology_pkey; Type: CONSTRAINT; Schema: public; Owner: postgres
--

ALTER TABLE ONLY public.methodology
    ADD CONSTRAINT methodology_pkey PRIMARY KEY (id);


--
-- TOC entry 2868 (class 2606 OID 17529)
-- Name: metric_depart metric_depart_pkey; Type: CONSTRAINT; Schema: public; Owner: postgres
--

ALTER TABLE ONLY public.metric_depart
    ADD CONSTRAINT metric_depart_pkey PRIMARY KEY (id);


--
-- TOC entry 2856 (class 2606 OID 17395)
-- Name: metric metric_pkey; Type: CONSTRAINT; Schema: public; Owner: postgres
--

ALTER TABLE ONLY public.metric
    ADD CONSTRAINT metric_pkey PRIMARY KEY (id);


--
-- TOC entry 2870 (class 2606 OID 17546)
-- Name: metric_project metric_project_pkey; Type: CONSTRAINT; Schema: public; Owner: postgres
--

ALTER TABLE ONLY public.metric_project
    ADD CONSTRAINT metric_project_pkey PRIMARY KEY (id);


--
-- TOC entry 2872 (class 2606 OID 17563)
-- Name: metric_team metric_team_pkey; Type: CONSTRAINT; Schema: public; Owner: postgres
--

ALTER TABLE ONLY public.metric_team
    ADD CONSTRAINT metric_team_pkey PRIMARY KEY (id);


--
-- TOC entry 2890 (class 2606 OID 17731)
-- Name: permission permission_pkey; Type: CONSTRAINT; Schema: public; Owner: postgres
--

ALTER TABLE ONLY public.permission
    ADD CONSTRAINT permission_pkey PRIMARY KEY (id);


--
-- TOC entry 2880 (class 2606 OID 17631)
-- Name: plan_content plan_content_pkey; Type: CONSTRAINT; Schema: public; Owner: postgres
--

ALTER TABLE ONLY public.plan_content
    ADD CONSTRAINT plan_content_pkey PRIMARY KEY (id);


--
-- TOC entry 2878 (class 2606 OID 17604)
-- Name: plan plan_pkey; Type: CONSTRAINT; Schema: public; Owner: postgres
--

ALTER TABLE ONLY public.plan
    ADD CONSTRAINT plan_pkey PRIMARY KEY (id);


--
-- TOC entry 2876 (class 2606 OID 17597)
-- Name: plan_type plan_type_pkey; Type: CONSTRAINT; Schema: public; Owner: postgres
--

ALTER TABLE ONLY public.plan_type
    ADD CONSTRAINT plan_type_pkey PRIMARY KEY (id);


--
-- TOC entry 2850 (class 2606 OID 17354)
-- Name: project project_pkey; Type: CONSTRAINT; Schema: public; Owner: postgres
--

ALTER TABLE ONLY public.project
    ADD CONSTRAINT project_pkey PRIMARY KEY (id);


--
-- TOC entry 2888 (class 2606 OID 17721)
-- Name: resource resource_pkey; Type: CONSTRAINT; Schema: public; Owner: postgres
--

ALTER TABLE ONLY public.resource
    ADD CONSTRAINT resource_pkey PRIMARY KEY (id);


--
-- TOC entry 2884 (class 2606 OID 17669)
-- Name: role_account role_account_pkey; Type: CONSTRAINT; Schema: public; Owner: postgres
--

ALTER TABLE ONLY public.role_account
    ADD CONSTRAINT role_account_pkey PRIMARY KEY (id);


--
-- TOC entry 2882 (class 2606 OID 17646)
-- Name: role role_pkey; Type: CONSTRAINT; Schema: public; Owner: postgres
--

ALTER TABLE ONLY public.role
    ADD CONSTRAINT role_pkey PRIMARY KEY (id);


--
-- TOC entry 2836 (class 2606 OID 17243)
-- Name: task_category task_category_pkey; Type: CONSTRAINT; Schema: public; Owner: postgres
--

ALTER TABLE ONLY public.task_category
    ADD CONSTRAINT task_category_pkey PRIMARY KEY (id);


--
-- TOC entry 2846 (class 2606 OID 17284)
-- Name: task task_pkey; Type: CONSTRAINT; Schema: public; Owner: postgres
--

ALTER TABLE ONLY public.task
    ADD CONSTRAINT task_pkey PRIMARY KEY (id);


--
-- TOC entry 2840 (class 2606 OID 17257)
-- Name: task_status task_status_pkey; Type: CONSTRAINT; Schema: public; Owner: postgres
--

ALTER TABLE ONLY public.task_status
    ADD CONSTRAINT task_status_pkey PRIMARY KEY (id);


--
-- TOC entry 2838 (class 2606 OID 17250)
-- Name: task_type task_type_pkey; Type: CONSTRAINT; Schema: public; Owner: postgres
--

ALTER TABLE ONLY public.task_type
    ADD CONSTRAINT task_type_pkey PRIMARY KEY (id);


--
-- TOC entry 2854 (class 2606 OID 17378)
-- Name: team team_pkey; Type: CONSTRAINT; Schema: public; Owner: postgres
--

ALTER TABLE ONLY public.team
    ADD CONSTRAINT team_pkey PRIMARY KEY (id);


--
-- TOC entry 2886 (class 2606 OID 17704)
-- Name: zone zone_pkey; Type: CONSTRAINT; Schema: public; Owner: postgres
--

ALTER TABLE ONLY public.zone
    ADD CONSTRAINT zone_pkey PRIMARY KEY (id);


--
-- TOC entry 2891 (class 2606 OID 17742)
-- Name: account_data account_data_account_id_fkey; Type: FK CONSTRAINT; Schema: public; Owner: postgres
--

ALTER TABLE ONLY public.account_data
    ADD CONSTRAINT account_data_account_id_fkey FOREIGN KEY (account_id) REFERENCES public.account(id) ON UPDATE CASCADE ON DELETE CASCADE;


--
-- TOC entry 2898 (class 2606 OID 17757)
-- Name: depart depart_project_id_fkey; Type: FK CONSTRAINT; Schema: public; Owner: postgres
--

ALTER TABLE ONLY public.depart
    ADD CONSTRAINT depart_project_id_fkey FOREIGN KEY (project_id) REFERENCES public.project(id) ON UPDATE CASCADE ON DELETE CASCADE;


--
-- TOC entry 2906 (class 2606 OID 17518)
-- Name: indicator_depart indicator_depart_depart_id_fkey; Type: FK CONSTRAINT; Schema: public; Owner: postgres
--

ALTER TABLE ONLY public.indicator_depart
    ADD CONSTRAINT indicator_depart_depart_id_fkey FOREIGN KEY (depart_id) REFERENCES public.depart(id);


--
-- TOC entry 2907 (class 2606 OID 17513)
-- Name: indicator_depart indicator_depart_indicator_id_fkey; Type: FK CONSTRAINT; Schema: public; Owner: postgres
--

ALTER TABLE ONLY public.indicator_depart
    ADD CONSTRAINT indicator_depart_indicator_id_fkey FOREIGN KEY (indicator_id) REFERENCES public.indicator(id);


--
-- TOC entry 2914 (class 2606 OID 17586)
-- Name: indicator_metric indicator_metric_indicator_id_fkey; Type: FK CONSTRAINT; Schema: public; Owner: postgres
--

ALTER TABLE ONLY public.indicator_metric
    ADD CONSTRAINT indicator_metric_indicator_id_fkey FOREIGN KEY (indicator_id) REFERENCES public.indicator(id);


--
-- TOC entry 2915 (class 2606 OID 17581)
-- Name: indicator_metric indicator_metric_metric_id_fkey; Type: FK CONSTRAINT; Schema: public; Owner: postgres
--

ALTER TABLE ONLY public.indicator_metric
    ADD CONSTRAINT indicator_metric_metric_id_fkey FOREIGN KEY (metric_id) REFERENCES public.metric(id);


--
-- TOC entry 2900 (class 2606 OID 17410)
-- Name: indicator_pool indicator_pool_indicator_first_id_fkey; Type: FK CONSTRAINT; Schema: public; Owner: postgres
--

ALTER TABLE ONLY public.indicator_pool
    ADD CONSTRAINT indicator_pool_indicator_first_id_fkey FOREIGN KEY (indicator_first_id) REFERENCES public.indicator(id);


--
-- TOC entry 2901 (class 2606 OID 17415)
-- Name: indicator_pool indicator_pool_indicator_second_id_fkey; Type: FK CONSTRAINT; Schema: public; Owner: postgres
--

ALTER TABLE ONLY public.indicator_pool
    ADD CONSTRAINT indicator_pool_indicator_second_id_fkey FOREIGN KEY (indicator_second_id) REFERENCES public.indicator(id);


--
-- TOC entry 2902 (class 2606 OID 17428)
-- Name: indicator_project indicator_project_indicator_id_fkey; Type: FK CONSTRAINT; Schema: public; Owner: postgres
--

ALTER TABLE ONLY public.indicator_project
    ADD CONSTRAINT indicator_project_indicator_id_fkey FOREIGN KEY (indicator_id) REFERENCES public.indicator(id);


--
-- TOC entry 2903 (class 2606 OID 17433)
-- Name: indicator_project indicator_project_project_id_fkey; Type: FK CONSTRAINT; Schema: public; Owner: postgres
--

ALTER TABLE ONLY public.indicator_project
    ADD CONSTRAINT indicator_project_project_id_fkey FOREIGN KEY (project_id) REFERENCES public.project(id);


--
-- TOC entry 2904 (class 2606 OID 17802)
-- Name: indicator_team indicator_team_indicator_id_fkey; Type: FK CONSTRAINT; Schema: public; Owner: postgres
--

ALTER TABLE ONLY public.indicator_team
    ADD CONSTRAINT indicator_team_indicator_id_fkey FOREIGN KEY (indicator_id) REFERENCES public.indicator(id);


--
-- TOC entry 2905 (class 2606 OID 17501)
-- Name: indicator_team indicator_team_team_id_fkey; Type: FK CONSTRAINT; Schema: public; Owner: postgres
--

ALTER TABLE ONLY public.indicator_team
    ADD CONSTRAINT indicator_team_team_id_fkey FOREIGN KEY (team_id) REFERENCES public.team(id);


--
-- TOC entry 2908 (class 2606 OID 17535)
-- Name: metric_depart metric_depart_depart_id_fkey; Type: FK CONSTRAINT; Schema: public; Owner: postgres
--

ALTER TABLE ONLY public.metric_depart
    ADD CONSTRAINT metric_depart_depart_id_fkey FOREIGN KEY (depart_id) REFERENCES public.depart(id);


--
-- TOC entry 2909 (class 2606 OID 17530)
-- Name: metric_depart metric_depart_metric_id_fkey; Type: FK CONSTRAINT; Schema: public; Owner: postgres
--

ALTER TABLE ONLY public.metric_depart
    ADD CONSTRAINT metric_depart_metric_id_fkey FOREIGN KEY (metric_id) REFERENCES public.metric(id);


--
-- TOC entry 2910 (class 2606 OID 17547)
-- Name: metric_project metric_project_metric_id_fkey; Type: FK CONSTRAINT; Schema: public; Owner: postgres
--

ALTER TABLE ONLY public.metric_project
    ADD CONSTRAINT metric_project_metric_id_fkey FOREIGN KEY (metric_id) REFERENCES public.metric(id);


--
-- TOC entry 2911 (class 2606 OID 17552)
-- Name: metric_project metric_project_project_id_fkey; Type: FK CONSTRAINT; Schema: public; Owner: postgres
--

ALTER TABLE ONLY public.metric_project
    ADD CONSTRAINT metric_project_project_id_fkey FOREIGN KEY (project_id) REFERENCES public.project(id);


--
-- TOC entry 2912 (class 2606 OID 17564)
-- Name: metric_team metric_team_metric_id_fkey; Type: FK CONSTRAINT; Schema: public; Owner: postgres
--

ALTER TABLE ONLY public.metric_team
    ADD CONSTRAINT metric_team_metric_id_fkey FOREIGN KEY (metric_id) REFERENCES public.metric(id);


--
-- TOC entry 2913 (class 2606 OID 17569)
-- Name: metric_team metric_team_team_id_fkey; Type: FK CONSTRAINT; Schema: public; Owner: postgres
--

ALTER TABLE ONLY public.metric_team
    ADD CONSTRAINT metric_team_team_id_fkey FOREIGN KEY (team_id) REFERENCES public.team(id);


--
-- TOC entry 2928 (class 2606 OID 17837)
-- Name: permission permission_resource_id_fkey; Type: FK CONSTRAINT; Schema: public; Owner: postgres
--

ALTER TABLE ONLY public.permission
    ADD CONSTRAINT permission_resource_id_fkey FOREIGN KEY (resource_id) REFERENCES public.resource(id) ON UPDATE CASCADE ON DELETE CASCADE;


--
-- TOC entry 2929 (class 2606 OID 17832)
-- Name: permission permission_zone_id_fkey; Type: FK CONSTRAINT; Schema: public; Owner: postgres
--

ALTER TABLE ONLY public.permission
    ADD CONSTRAINT permission_zone_id_fkey FOREIGN KEY (zone_id) REFERENCES public.zone(id) ON UPDATE CASCADE ON DELETE CASCADE;


--
-- TOC entry 2920 (class 2606 OID 17792)
-- Name: plan_content plan_content_plan_id_fkey; Type: FK CONSTRAINT; Schema: public; Owner: postgres
--

ALTER TABLE ONLY public.plan_content
    ADD CONSTRAINT plan_content_plan_id_fkey FOREIGN KEY (plan_id) REFERENCES public.plan(id) ON UPDATE CASCADE ON DELETE CASCADE;


--
-- TOC entry 2916 (class 2606 OID 17777)
-- Name: plan plan_depart_id_fkey; Type: FK CONSTRAINT; Schema: public; Owner: postgres
--

ALTER TABLE ONLY public.plan
    ADD CONSTRAINT plan_depart_id_fkey FOREIGN KEY (depart_id) REFERENCES public.depart(id) ON UPDATE CASCADE ON DELETE CASCADE;


--
-- TOC entry 2917 (class 2606 OID 17787)
-- Name: plan plan_project_id_fkey; Type: FK CONSTRAINT; Schema: public; Owner: postgres
--

ALTER TABLE ONLY public.plan
    ADD CONSTRAINT plan_project_id_fkey FOREIGN KEY (project_id) REFERENCES public.project(id) ON UPDATE CASCADE ON DELETE CASCADE;


--
-- TOC entry 2918 (class 2606 OID 17782)
-- Name: plan plan_team_id_fkey; Type: FK CONSTRAINT; Schema: public; Owner: postgres
--

ALTER TABLE ONLY public.plan
    ADD CONSTRAINT plan_team_id_fkey FOREIGN KEY (team_id) REFERENCES public.team(id) ON UPDATE CASCADE ON DELETE CASCADE;


--
-- TOC entry 2919 (class 2606 OID 17605)
-- Name: plan plan_type_id_fkey; Type: FK CONSTRAINT; Schema: public; Owner: postgres
--

ALTER TABLE ONLY public.plan
    ADD CONSTRAINT plan_type_id_fkey FOREIGN KEY (type_id) REFERENCES public.plan_type(id);


--
-- TOC entry 2897 (class 2606 OID 17355)
-- Name: project project_methodology_id_fkey; Type: FK CONSTRAINT; Schema: public; Owner: postgres
--

ALTER TABLE ONLY public.project
    ADD CONSTRAINT project_methodology_id_fkey FOREIGN KEY (methodology_id) REFERENCES public.methodology(id);


--
-- TOC entry 2925 (class 2606 OID 17842)
-- Name: role_account role_account_account_id_fkey; Type: FK CONSTRAINT; Schema: public; Owner: postgres
--

ALTER TABLE ONLY public.role_account
    ADD CONSTRAINT role_account_account_id_fkey FOREIGN KEY (account_id) REFERENCES public.account(id) ON UPDATE CASCADE ON DELETE CASCADE;


--
-- TOC entry 2926 (class 2606 OID 17847)
-- Name: role_account role_account_role_id_fkey; Type: FK CONSTRAINT; Schema: public; Owner: postgres
--

ALTER TABLE ONLY public.role_account
    ADD CONSTRAINT role_account_role_id_fkey FOREIGN KEY (role_id) REFERENCES public.role(id) ON UPDATE CASCADE ON DELETE CASCADE;


--
-- TOC entry 2921 (class 2606 OID 17807)
-- Name: role role_depart_id_fkey; Type: FK CONSTRAINT; Schema: public; Owner: postgres
--

ALTER TABLE ONLY public.role
    ADD CONSTRAINT role_depart_id_fkey FOREIGN KEY (depart_id) REFERENCES public.depart(id) ON UPDATE CASCADE ON DELETE CASCADE;


--
-- TOC entry 2922 (class 2606 OID 17812)
-- Name: role role_project_id_fkey; Type: FK CONSTRAINT; Schema: public; Owner: postgres
--

ALTER TABLE ONLY public.role
    ADD CONSTRAINT role_project_id_fkey FOREIGN KEY (project_id) REFERENCES public.project(id) ON UPDATE CASCADE ON DELETE CASCADE;


--
-- TOC entry 2923 (class 2606 OID 17817)
-- Name: role role_team_id_fkey; Type: FK CONSTRAINT; Schema: public; Owner: postgres
--

ALTER TABLE ONLY public.role
    ADD CONSTRAINT role_team_id_fkey FOREIGN KEY (team_id) REFERENCES public.team(id) ON UPDATE CASCADE ON DELETE CASCADE;


--
-- TOC entry 2924 (class 2606 OID 17822)
-- Name: role role_zone_id_fkey; Type: FK CONSTRAINT; Schema: public; Owner: postgres
--

ALTER TABLE ONLY public.role
    ADD CONSTRAINT role_zone_id_fkey FOREIGN KEY (zone_id) REFERENCES public.zone(id) ON UPDATE CASCADE ON DELETE CASCADE;


--
-- TOC entry 2892 (class 2606 OID 17767)
-- Name: task task_account_id_fkey; Type: FK CONSTRAINT; Schema: public; Owner: postgres
--

ALTER TABLE ONLY public.task
    ADD CONSTRAINT task_account_id_fkey FOREIGN KEY (account_id) REFERENCES public.account(id) ON UPDATE CASCADE ON DELETE SET NULL;


--
-- TOC entry 2893 (class 2606 OID 17285)
-- Name: task task_category_id_fkey; Type: FK CONSTRAINT; Schema: public; Owner: postgres
--

ALTER TABLE ONLY public.task
    ADD CONSTRAINT task_category_id_fkey FOREIGN KEY (category_id) REFERENCES public.task_category(id);


--
-- TOC entry 2894 (class 2606 OID 17290)
-- Name: task task_status_id_fkey; Type: FK CONSTRAINT; Schema: public; Owner: postgres
--

ALTER TABLE ONLY public.task
    ADD CONSTRAINT task_status_id_fkey FOREIGN KEY (status_id) REFERENCES public.task_status(id);


--
-- TOC entry 2895 (class 2606 OID 17772)
-- Name: task task_team_id_fkey; Type: FK CONSTRAINT; Schema: public; Owner: postgres
--

ALTER TABLE ONLY public.task
    ADD CONSTRAINT task_team_id_fkey FOREIGN KEY (team_id) REFERENCES public.team(id) ON UPDATE CASCADE ON DELETE CASCADE;


--
-- TOC entry 2896 (class 2606 OID 17295)
-- Name: task task_type_id_fkey; Type: FK CONSTRAINT; Schema: public; Owner: postgres
--

ALTER TABLE ONLY public.task
    ADD CONSTRAINT task_type_id_fkey FOREIGN KEY (type_id) REFERENCES public.task_type(id);


--
-- TOC entry 2899 (class 2606 OID 17762)
-- Name: team team_depart_id_fkey; Type: FK CONSTRAINT; Schema: public; Owner: postgres
--

ALTER TABLE ONLY public.team
    ADD CONSTRAINT team_depart_id_fkey FOREIGN KEY (depart_id) REFERENCES public.depart(id) ON UPDATE CASCADE ON DELETE CASCADE;


--
-- TOC entry 2927 (class 2606 OID 17827)
-- Name: zone zone_project_id_fkey; Type: FK CONSTRAINT; Schema: public; Owner: postgres
--

ALTER TABLE ONLY public.zone
    ADD CONSTRAINT zone_project_id_fkey FOREIGN KEY (project_id) REFERENCES public.project(id) ON UPDATE CASCADE ON DELETE CASCADE;


--
-- TOC entry 3111 (class 0 OID 0)
-- Dependencies: 6
-- Name: SCHEMA public; Type: ACL; Schema: -; Owner: postgres
--

REVOKE USAGE ON SCHEMA public FROM PUBLIC;
GRANT ALL ON SCHEMA public TO PUBLIC;


-- Completed on 2023-06-07 14:25:45

--
-- PostgreSQL database dump complete
--

